NO,PROVINSI,KOTA/KABUPATEN,ONGKIR / Juta (MEJA 9 FT)
1,Aceh Darussalam,Kota Banda Aceh,"4,5 - 5 JT"
,,Kota Langsa,"4,5 - 5 JT"
,,Kota Lhokseumawe,"4,5 - 5 JT"
,,Kota Sabang,6 - 7 JT
,,Kota Subulussalam,"4,5 - 5 JT"
,,Kab. Aceh Barat,6 - 7 JT
,,Kab. Aceh Barat Daya,"4,5 - 5 JT"
,,Kab. Aceh Besar,"4,5 - 5 JT"
,,Kab. Aceh Jaya,5 - 6 JT
,,Kab. Aceh Selatan,"4,5 - 5 JT"
,,Kab. Aceh Singkil,"4,5 - 5 JT"
,,Kab. Aceh Tamiang,5 - 6 JT
,,Kab. Aceh Tengah,5 - 6 JT
,,Kab. Aceh Tenggara,5 - 6 JT
,,Kab. Aceh Timur,5 - 6 JT
,,Kab. Aceh Utara,5 - 6 JT
,,Kab. Bener Meriah,5 - 6 JT
,,Kab. Bireuen,5 - 6 JT
,,Kab. Gayo Luwes,5 - 6 JT
,,Kab. Nagan Raya,5 - 6 JT
,,Kab. Pidie,5 - 6 JT
,,Kab. Pidie Jaya,5 - 6 JT
2,Sumatra Utara,Kab. Asahan,"4,5 - 5 JT"
,,Kab. Batu Bara,"4,5 - 5 JT"
,,Kab. Dairi,"4,5 - 5 JT"
,,Kab. Deli Serdang,"4,5 - 5 JT"
,,Kab. Humbang Hasundutan,5 - 6 JT
,,Kab. Karo,5 - 6 JT
,,Kab. Labuhanbatu,"4,5 - 5 JT"
,,Kab. Labuhanbatu Selatan,"4,5 - 5 JT"
,,Kab. Labuhanbatu Utara,"4,5 - 5 JT"
,,Kab. Langkat,"4,5 - 5 JT"
,,Kab. Mandailing Natal,5 - 6 JT
,,Kab. Nias,"8 - 8,5 JT"
,,Kab. Nias Barat,"8 - 8,5 JT"
,,Kab. Nias Selatan,"8 - 8,5 JT"
,,Kab. Nias Utara,"8 - 8,5 JT"
,,Kab. Padang Lawas,"4,5 - 5 JT"
,,Kab. Padang Lawas Utara,"4,5 - 5 JT"
,,Kab. Pakpak Bharat,5 - 6 JT
,,Kab. Samosir,5 - 6 JT
,,Kab. Serdang Bedagai,"4,5 - 5 JT"
,,Kab. Simalungun,5 - 6 JT
,,Kab. Simeulue,"8 - 8,5 JT"
,,Kab. Tapanuli Selatan,5 - 6 JT
,,Kab. Tapanuli Tengah,5 - 6 JT
,,Kab. Tapanuli Utara,5 - 6 JT
,,Kab. Toba,5 - 6 JT
,,Kota Binjai,"4,5 - 5 JT"
,,Kota Gunung Sitoli,"8 - 8,5 JT"
,,Kota Medan,"4,5 - 5 JT"
,,Kota Padangsidimpuan,"4,5 - 5 JT"
,,Kota Pematangsiantar,"4,5 - 5 JT"
,,Kota Sibolga,"4,5 - 5 JT"
,,Kota Tanjungbalai,"4,5 - 5 JT"
,,Kota Tebing Tinggi,"3,8 - 4,5 JT"
3,Sumatra Selatan,Kab. Banyuasin,"4,5 - 5 JT"
,,Kab. Empat Lawang,"4,5 - 5 JT"
,,Kab. Lahat,"4,5 - 5 JT"
,,Kab. Muara Enim,"4,5 - 5 JT"
,,Kab. Musi Banyuasin,"4,5 - 5 JT"
,,Kab. Musi Rawas,"4,5 - 5 JT"
,,Kab. Musi Rawas Utara,"4,5 - 5 JT"
,,Kab. Ogan Ilir,"4 - 4,5 JT"
,,Kab. Ogan Komering Ilir,"4 - 4,5 JT"
,,Kab. Ogan Komering Ulu,"4 - 4,5 JT"
,,Kab. Ogan Komering Ulu Selatan,"4 - 4,5 JT"
,,Kab. Ogan Komering Ulu Timur,"4 - 4,5 JT"
,,Kab. Penukal Abab Lematang Ilir,"4,5 - 5 JT"
,,Kota Lubuk Linggau,"4,5 - 5 JT"
,,Kota Pagaralam,"4 - 4,5 JT"
,,Kota Palembang,"3,8 - 4 JT"
,,Kota Prabumulih,"4 - 4,5 JT"
4,Sumatra Barat,Kab. Agam,"4 - 4,5 JT"
,,Kab. Dharmasraya,"4 - 4,5 JT"
,,Kab. Kepulauan Mentawai,7 - 8 JT
,,Kab. Limapuluh Kota,"4 - 4,5 JT"
,,Kab. Padang Pariaman,"4 - 4,5 JT"
,,Kab. Pasaman,"4 - 4,5 JT"
,,Kab. Pasaman Barat,"4 - 4,5 JT"
,,Kab. Pesisir Selatan,"4 - 4,5 JT"
,,Kab. Sijunjung,"4 - 4,5 JT"
,,Kab. Solok,"4 - 4,5 JT"
,,Kab. Solok Selatan,"4 - 4,5 JT"
,,Kab. Tanah Datar,"4 - 4,5 JT"
,,Kota Bukittinggi,"4 - 4,5 JT"
,,Kota Padang,"4 - 4,5 JT"
,,Kota Padang Panjang,"4 - 4,5 JT"
,,Kota Pariaman,"4 - 4,5 JT"
,,Kota Payakumbuh,"4 - 4,5 JT"
,,Kota Sawahlunto,"3,5 - 4 JT"
,,Kota Solok,"3,5 - 4 JT"
5,Bengkulu,Kab. Bengkulu Selatan,"3,5 - 4 JT"
,,Kab. Bengkulu Tengah,"3,8 - 4 JT"
,,Kab. Bengkulu Utara,"3,8 - 4 JT"
,,Kab. Kaur,"3,8 - 4 JT"
,,Kab. Kepahiang,"3,8 - 4 JT"
,,Kab. Lebong,"3,8 - 4 JT"
,,Kab. Mukomuko,"3,8 - 4 JT"
,,Kab. Rejang Lebong,"3,8 - 4 JT"
,,Kab. Seluma,"3,8 - 4 JT"
,,Kota Bengkulu,"3,8 - 4 JT"
6,Riau,Kab. Bengkalis,"4,5 - 5 JT"
,,Kab. Indragiri Hilir,"3,8 - 4 JT"
,,Kab. Indragiri Hulu,"3,8 - 4 JT"
,,Kab. Kampar,"3,8 - 4 JT"
,,Kab. Kepulauan Meranti,"3,8 - 4 JT"
,,Kab. Kuantan Singingi,"3,8 - 4 JT"
,,Kab. Pelalawan,"3,5 - 4 JT"
,,Kab. Rokan Hilir,"3,5 - 4 JT"
,,Kab. Rokan Hulu,"3,5 - 4 JT"
,,Kab. Siak,"3,5 - 4 JT"
,,Kota Dumai,"3,5 - 4 JT"
,,Kota Pekanbaru,"3,5 - 4 JT"
7,Kepulauan Riau,Kab. Karimun,5 - 6 JT
,,Kab. Kepulauan Anambas,5 - 6 JT
,,Kab. Lingga,5 - 6 JT
,,Kab. Natuna,"8 - 8,5 JT"
,,Kota Batam,"4,5 - 5 JT"
,,Kota Tanjung Pinang,"4,5 - 5 JT"
8,Jambi,Kab. Bungo,"3,8 - 4 JT"
,,Kab. Kerinci,"3,8 - 4 JT"
,,Kab. Merangin,"3,8 - 4 JT"
,,Kab. Muaro Jambi,"3,5 - 4 JT"
,,Kab. Sarolangun,"3,5 - 4 JT"
,,Kab. Tanjung Jabung Barat,"3,8 - 4 JT"
,,Kab. Tanjung Jabung Timur,"3,8 - 4 JT"
,,Kab. Tebo,"3,8 - 4 JT"
,,Kota Jambi,"3,5 - 4 JT"
,,Kota Sungai Penuh,"3,5 - 4 JT"
9,Lampung,Kab. Lampung Barat,"3,8 - 4 JT"
,,Kab. Lampung Selatan,"3,8 - 4 JT"
,,Kab. Lampung Tengah,"3,8 - 4 JT"
,,Kab. Lampung Timur,"3,8 - 4 JT"
,,Kab. Lampung Utara,"3,8 - 4 JT"
,,Kab. Mesuji,"3,8 - 4 JT"
,,Kab. Pesawaran,"3,8 - 4 JT"
,,Kab. Pesisir Barat,"3,8 - 4 JT"
,,Kab. Pringsewu,"3,8 - 4 JT"
,,Kab. Tanggamus,"3,8 - 4 JT"
,,Kab. Tulang Bawang,"3,8 - 4 JT"
,,Kab. Tulang Bawang Barat,"3,8 - 4 JT"
,,Kab. Way Kanan,"3,8 - 4 JT"
,,Kota Bandar Lampung,"3,8 - 4 JT"
,,Kota Metro,"3,8 - 4,5 JT"
10,Bangka Belitung,Kab. Bangka,4 - 5 JT
,,Kab. Bangka Barat,4 - 5 JT
,,Kab. Bangka Selatan,4 - 5 JT
,,Kab. Bangka Tengah,4 - 5 JT
,,Kab. Belitung,4 - 5 JT
,,Kab. Belitung Timur,6 - 7 JT
,,Kota Pangkal Pinang,6 - 7 JT
11,Banten,Kab. Kepulauan Seribu,"3 - 4,5 JT"
,,Kab. Lebak,"2,5 - 3 JT"
,,Kab. Pandeglang,"2,5 - 3 JT"
,,Kab. Serang,"2,5 - 3 JT"
,,Kab. Tangerang,"2,5 - 3 JT"
,,Kota Cilegon,"2,5 - 3 JT"
,,Kota Serang,"2,5 - 3 JT"
,,Kota Tangerang,"2,5 - 3 JT"
,,Kota Tangerang Selatan,"2,5 - 3 JT"
12,DKI Jakarta,Kota Jakarta Barat,"2,5 - 3 JT"
,,Kota Jakarta Pusat,"2,5 - 3 JT"
,,Kota Jakarta Selatan,"2,5 - 3 JT"
,,Kota Jakarta Timur,"2,5 - 3 JT"
,,Kota Jakarta Utara,"2,5 - 3 JT"
13,Jawa Barat,Kab. Bandung,"2,5 - 3 JT"
,,Kab. Bandung Barat,"2,5 - 3 JT"
,,Kab. Bekasi,"2,5 - 3 JT"
,,Kab. Bogor,"2,5 - 3 JT"
,,Kab. Ciamis,"2,5 - 3 JT"
,,Kab. Cianjur,"2,5 - 3 JT"
,,Kab. Cirebon,"2,5 - 3 JT"
,,Kab. Garut,"2,5 - 3 JT"
,,Kab. Indramayu,"2,5 - 3 JT"
,,Kab. Karawang,"2,5 - 3 JT"
,,Kab. Kuningan,"2,5 - 3 JT"
,,Kab. Majalengka,"2,5 - 3 JT"
,,Kab. Pangandaran,"2,5 - 3 JT"
,,Kab. Purwakarta,"2,5 - 3 JT"
,,Kab. Subang,"2,5 - 3 JT"
,,Kab. Sukabumi,"2,5 - 3 JT"
,,Kab. Sumedang,"2,5 - 3 JT"
,,Kab. Tasikmalaya,"2,5 - 3 JT"
,,Kota Bandung,"2,5 - 3 JT"
,,Kota Banjar,"2,5 - 3 JT"
,,Kota Bekasi,"2,5 - 3 JT"
,,Kota Bogor,"2,5 - 3 JT"
,,Kota Cimahi,"2,5 - 3 JT"
,,Kota Cirebon,"2,5 - 3 JT"
,,Kota Depok,"2,5 - 3 JT"
,,Kota Sukabumi,"2,5 - 3 JT"
,,Kota Tasikmalaya,"2,5 - 3 JT"
14,Jawa Tengah,Kab. Banjarnegara,"1,2 JT"
,,Kab. Banyumas,"1,5 JT"
,,Kab. Batang,800 RB
,,Kab. Blora,800 RB
,,Kab. Boyolali,400 RB
,,Kab. Brebes,"1,5 JT"
,,Kab. Cilacap,"1,5 JT"
,,Kab. Demak,600 RB
,,Kab. Grobogan,600 RB
,,Kab. Jepara,800 RB
,,Kab. Karanganyar,1 JT
,,Kab. Kebumen,"1,2 JT"
,,Kab. Kendal,600 RB
,,Kab. Klaten,600 RB
,,Kab. Kudus,700 RB
,,Kab. Magelang,500 RB
,,Kab. Pati,800 RB
,,Kab. Pekalongan,1 JT
,,Kab. Pemalang,"1,2 JT"
,,Kab. Purbalingga,"1,5 JT"
,,Kab. Purworejo,"1,2 JT"
,,Kab. Rembang,1 JT
,,Kab. Semarang,FREE - 500 RB
,,Kab. Sragen,1 JT
,,Kab. Sukoharjo,800 RB
,,Kab. Tegal,"1,2 JT"
,,Kab. Temanggung,800 RB
,,Kab. Wonogiri,"1,2 JT"
,,Kab. Wonosobo,1 JT
,,Kota Pekalongan,"1,2 JT"
,,Kota Salatiga,250 RB
,,Kota Semarang,500 RB
,,Kota Surakarta,600 RB
,,Kota Tegal,"1,2 JT"
15,Yogyakarta,Kab. Bantul,800 - 1 JT
,,Kab. Gunungkidul,"800 - 1,5 JT"
,,Kab. Kulon Progo,"800 - 1,5 JT"
,,Kab. Sleman,800 - 1 JT
,,Kota Yogyakarta,800 - 1 JT
16,Jawa Timur,Kab. Bangkalan,3 JT
,,Kab. Banyuwangi,"3,5 JT"
,,Kab. Blitar,3 JT
,,Kab. Bojonegoro,2 JT
,,Kab. Bondowoso,3 JT
,,Kab. Gresik,"2,5 JT"
,,Kab. Jember,3 JT
,,Kab. Jombang,"2,5 JT"
,,Kab. Kediri,"2,5 JT"
,,Kab. Lamongan,2 JT
,,Kab. Lumajang,3 JT
,,Kab. Madiun,"1,6 JT"
,,Kab. Magetan,"1,6 JT"
,,Kab. Malang,"2,5 JT"
,,Kab. Mojokerto,2 JT
,,Kab. Nganjuk,"1,8 JT"
,,Kab. Ngawi,"1,5 JT"
,,Kab. Pacitan,"1,7 JT"
,,Kab. Pamekasan,3 JT
,,Kab. Pasuruan,"2,8 JT"
,,Kab. Ponorogo,"2,8 JT"
,,Kab. Probolinggo,"2,8 JT"
,,Kab. Sampang,3 JT
,,Kab. Sidoarjo,"2,5 JT"
,,Kab. Situbondo,3 JT
,,Kab. Sumenep,3 JT
,,Kab. Trenggalek,2 JT
,,Kab. Tuban,2 JT
,,Kab. Tulungagung,"1,8 JT"
,,Kota Batu,"2,5 JT"
,,Kota Blitar,3 JT
,,Kota Kediri,2 JT
,,Kota Madiun,2 JT
,,Kota Malang,"2,5 JT"
,,Kota Mojokerto,2 JT
,,Kota Pasuruan,"2,5 JT"
,,Kota Probolinggo,3 JT
,,Kota Surabaya,"2,5 JT"
17,Bali,Kab. Badung,"3,5 - 4 JT"
,,Kab. Bangli,"3,5 - 4 JT"
,,Kab. Buleleng,"3,5 - 4 JT"
,,Kab. Gianyar,"3,5 - 4 JT"
,,Kab. Jembrana,"3,5 - 4 JT"
,,Kab. Karangasem,"3,5 - 4 JT"
,,Kab. Klungkung,"3,5 - 4 JT"
,,Kab. Tabanan,"3,5 - 4 JT"
,,Kota Denpasar,"3,5 - 4 JT"
18,Nusa Tenggara Barat,Kab. Bima,2 - 3 JT
,,Kab. Dompu,2 - 3 JT
,,Kab. Lombok Barat,2 - 3 JT
,,Kab. Lombok Tengah,2 - 3 JT
,,Kab. Lombok Timur,2 - 3 JT
,,Kab. Lombok Utara,2 - 3 JT
,,Kab. Sumbawa,2 - 3 JT
,,Kab. Sumbawa Barat,2 - 3 JT
,,Kota Bima,2 - 3 JT
,,Kota Mataram,2 - 3 JT
19,Nusa Tenggara Timur,Kab. Alor,"5 - 5,5 JT"
,,Kab. Belu,"5 - 5,5 JT"
,,Kab. Ende,"5 - 5,5 JT"
,,Kab. Flores Timur,"5 - 5,5 JT"
,,Kab. Kupang,"5 - 5,5 JT"
,,Kab. Lembata,"5 - 5,5 JT"
,,Kab. Malaka,"5 - 5,5 JT"
,,Kab. Manggarai,"5 - 5,5 JT"
,,Kab. Manggarai Barat,"5 - 5,5 JT"
,,Kab. Manggarai Timur,"5 - 5,5 JT"
,,Kab. Nagekeo,"5 - 5,5 JT"
,,Kab. Ngada,"5 - 5,5 JT"
,,Kab. Rote Ndao,"5 - 5,5 JT"
,,Kab. Sabu Raijua,"5 - 5,5 JT"
,,Kab. Sikka,"5 - 5,5 JT"
,,Kab. Sumba Barat,"5 - 5,5 JT"
,,Kab. Sumba Barat Daya,"5 - 5,5 JT"
,,Kab. Sumba Tengah,"5 - 5,5 JT"
,,Kab. Sumba Timur,"5 - 5,5 JT"
,,Kab. Timor Tengah Selatan,"5 - 5,5 JT"
,,Kab. Timor Tengah Utara,"5 - 5,5 JT"
,,Kota Kupang,2 - 3 JT
20,Kalimantan Barat,Kab. Bengkayang,"3,8 - 4,5 JT"
,,Kab. Kapuas Hulu,"3,8 - 4,5 JT"
,,Kab. Kayong Utara,"3,8 - 4,5 JT"
,,Kab. Ketapang,"3,8 - 4,5 JT"
,,Kab. Kubu Raya,"3,8 - 4,5 JT"
,,Kab. Landak,"3,8 - 4,5 JT"
,,Kab. Melawi,"3,8 - 4,5 JT"
,,Kab. Mempawah,"3,8 - 4,5 JT"
,,Kab. Sambas,"3,8 - 4,5 JT"
,,Kab. Sanggau,"3,8 - 4,5 JT"
,,Kab. Sekadau,"3,8 - 4,5 JT"
,,Kab. Sintang,"3,8 - 4,5 JT"
,,Kota Pontianak,"3,8 - 4,5 JT"
,,Kota Singkawang,"3,8 - 4,5 JT"
21,Kalimantan Tengah,Kab. Barito Selatan,"3,8 - 4 JT"
,,Kab. Barito Timur,"3,8 - 4 JT"
,,Kab. Barito Utara,"3,8 - 4 JT"
,,Kab. Gunung Mas,"3,8 - 4 JT"
,,Kab. Kapuas,"3,8 - 4 JT"
,,Kab. Katingan,"3,8 - 4 JT"
,,Kab. Kotawaringin Barat,"3,8 - 4 JT"
,,Kab. Kotawaringin Timur,"3,8 - 4 JT"
,,Kab. Lamandau,"3,8 - 4 JT"
,,Kab. Murung Raya,"3,8 - 4 JT"
,,Kab. Pulang Pisau,"3,8 - 4 JT"
,,Kab. Seruyan,"3,8 - 4 JT"
,,Kab. Sukamara,"3,8 - 4 JT"
,,Kota Palangkaraya,"3,8 - 4 JT"
22,Kalimantan Timur,Kab. Berau,"3,8 - 4,5 JT"
,,Kab. Kutai Barat,"3,8 - 4,5 JT"
,,Kab. Kutai Kartanegara,"3,8 - 4,5 JT"
,,Kab. Kutai Timur,"3,8 - 4,5 JT"
,,Kab. Mahakam Ulu,"3,8 - 4,5 JT"
,,Kab. Paser,"3,8 - 4,5 JT"
,,Kab. Penajam Paser Utara,"3,8 - 4,5 JT"
,,Kota Balikpapan,"3,8 - 4,5 JT"
,,Kota Bontang,"3,8 - 4,5 JT"
,,Kota Samarinda,"3,8 - 4,5 JT"
23,Kalimantan Selatan,Kab. Balangan,"3,8 - 4,5 JT"
,,Kab. Banjar,"3,8 - 4,5 JT"
,,Kab. Barito Kuala,"3,8 - 4,5 JT"
,,Kab. Hulu Sungai Selatan,"3,8 - 4,5 JT"
,,Kab. Hulu Sungai Tengah,"3,8 - 4,5 JT"
,,Kab. Hulu Sungai Utara,"3,8 - 4,5 JT"
,,Kab. Kotabaru,"3,8 - 4,5 JT"
,,Kab. Tabalong,"3,8 - 4,5 JT"
,,Kab. Tanah Bumbu,"3,8 - 4,5 JT"
,,Kab. Tanah Laut,"3,8 - 4,5 JT"
,,Kab. Tapin,"3,8 - 4,5 JT"
,,Kota Banjarbaru,"3,8 - 4,5 JT"
,,Kota Banjarmasin,"3,8 - 4,5 JT"
24,Kalimantan Utara,Kab. Bulungan,"3,8 - 4,5 JT"
,,Kab. Malinau,"3,8 - 4,5 JT"
,,Kab. Nunukan,"3,8 - 4,5 JT"
,,Kab. Tana Tidung,"3,8 - 4,5 JT"
,,Kota Tarakan,"3,8 - 4,5 JT"
25,Gorontalo,Kab. Boalemo,"3,8 - 4 JT"
,,Kab. Bone Bolango,"3,8 - 4 JT"
,,Kab. Gorontalo,"3,8 - 4 JT"
,,Kab. Gorontalo Utara,"3,8 - 4 JT"
,,Kab. Pohuwato,"3,8 - 4 JT"
,,Kota Gorontalo,"3,8 - 4 JT"
26,Sulawesi Barat,Kab. Majene,"3,5 - 4 JT"
,,Kab. Mamasa,"3,5 - 4 JT"
,,Kab. Mamuju,"3,5 - 4 JT"
,,Kab. Mamuju Tengah,"3,5 - 4 JT"
,,Kab. Pasangkayu,"3,5 - 4 JT"
,,Kab. Polewali Mandar,"3,5 - 4 JT"
27,Sulawesi Tengah,Kab. Banggai,"4,5 - 5 JT"
,,Kab. Banggai Kepulauan,"4,5 - 5 JT"
,,Kab. Banggai Laut,"4,5 - 5 JT"
,,Kab. Buol,"3,8 - 4 JT"
,,Kab. Donggala,"3,8 - 4 JT"
,,Kab. Morowali,"3,8 - 4 JT"
,,Kab. Morowali Utara,"3,8 - 4 JT"
,,Kab. Parigi Moutong,"3,8 - 4 JT"
,,Kab. Poso,"3,8 - 4 JT"
,,Kab. Sigi,"3,8 - 4 JT"
,,Kab. Tojo Una-Una,"3,8 - 4 JT"
,,Kab. Tolitoli,"3,8 - 4 JT"
,,Kota Palu,"3,8 - 4 JT"
28,Sulawesi Utara,Kab. Bolaang Mongondow,"3,8 - 4 JT"
,,Kab. Bolaang Mongondow Selatan,"3,8 - 4 JT"
,,Kab. Bolaang Mongondow Timur,"3,8 - 4 JT"
,,Kab. Bolaang Mongondow Utara,"3,8 - 4 JT"
,,Kab. Kepulauan Sangihe,"3,8 - 4 JT"
,,Kab. Kepulauan Siau Tagulandang Biaro,"3,8 - 4 JT"
,,Kab. Kepulauan Talaud,"3,8 - 4 JT"
,,Kab. Minahasa,"3,8 - 4 JT"
,,Kab. Minahasa Selatan,"3,8 - 4 JT"
,,Kab. Minahasa Tenggara,"3,8 - 4 JT"
,,Kab. Minahasa Utara,"3,8 - 4 JT"
,,Kota Bitung,"3,8 - 4 JT"
,,Kota Kotamobagu,"3,8 - 4 JT"
,,Kota Manado,"3,8 - 4 JT"
,,Kota Tomohon,"3,8 - 4 JT"
29,Sulawesi Tenggara,Kab. Bombana,"4 - 4,5 JT"
,,Kab. Buton,"4 - 4,5 JT"
,,Kab. Buton Selatan,"4 - 4,5 JT"
,,Kab. Buton Tengah,"4 - 4,5 JT"
,,Kab. Buton Utara,"4 - 4,5 JT"
,,Kab. Kolaka,"4 - 4,5 JT"
,,Kab. Kolaka Timur,"4 - 4,5 JT"
,,Kab. Kolaka Utara,"4 - 4,5 JT"
,,Kab. Konawe,"4 - 4,5 JT"
,,Kab. Konawe Kepulauan,"4 - 4,5 JT"
,,Kab. Konawe Selatan,"4 - 4,5 JT"
,,Kab. Konawe Utara,"4 - 4,5 JT"
,,Kab. Muna,"4 - 4,5 JT"
,,Kab. Muna Barat,"4 - 4,5 JT"
,,Kab. Wakatobi,"4 - 4,5 JT"
,,Kota Baubau,"4 - 4,5 JT"
,,Kota Kendari,"3,5 - 4 JT"
30,Sulawesi Selatan,Kab. Bantaeng,"3,5 - 4 JT"
,,Kab. Barru,"3,5 - 4 JT"
,,Kab. Bone,"3,5 - 4 JT"
,,Kab. Bulukumba,"3,5 - 4 JT"
,,Kab. Enrekang,"3,5 - 4 JT"
,,Kab. Gowa,"3,5 - 4 JT"
,,Kab. Jeneponto,"3,5 - 4 JT"
,,Kab. Kepulauan Selayar,"3,5 - 4 JT"
,,Kab. Luwu,"3,5 - 4 JT"
,,Kab. Luwu Timur,"3,5 - 4 JT"
,,Kab. Luwu Utara,"3,5 - 4 JT"
,,Kab. Pangkajene dan Kepulauan,"3,5 - 4 JT"
,,Kab. Pinrang,"3,5 - 4 JT"
,,Kab. Sidenreng Rappang,"3,5 - 4 JT"
,,Kab. Sinjai,"3,5 - 4 JT"
,,Kab. Soppeng,"3,5 - 4 JT"
,,Kab. Takalar,"3,5 - 4 JT"
,,Kab. Tana Toraja,"3,5 - 4 JT"
,,Kab. Toraja Utara,"3,5 - 4 JT"
,,Kab. Wajo,"3,5 - 4 JT"
,,Kota Makassar,"3,5 - 4 JT"
,,Kota Palopo,"3,5 - 4 JT"
,,Kota Parepare,"3,5 - 4 JT"
31,Maluku Utara,Kab. Halmahera Barat,"4 - 4,5 JT"
,,Kab. Halmahera Selatan,"4 - 4,5 JT"
,,Kab. Halmahera Tengah,"4 - 4,5 JT"
,,Kab. Kepulauan Sula,"4 - 4,5 JT"
,,Kab. Pulau Morotai,"4 - 4,5 JT"
,,Kab. Pulau Taliabu,"4 - 4,5 JT"
,,Kota Ternate,"4 - 4,5 JT"
,,Kota Tidore Kepulauan,"4 - 4,5 JT"
32,Maluku,Kab. Buru,"4 - 4,5 JT"
,,Kab. Buru Selatan,"4 - 4,5 JT"
,,Kab. Kepulauan Aru,"4 - 4,5 JT"
,,Kab. Kepulauan Tanimbar,"4 - 4,5 JT"
,,Kab. Maluku Barat Daya,"4 - 4,5 JT"
,,Kab. Maluku Tengah,"4 - 4,5 JT"
,,Kab. Maluku Tenggara,"4 - 4,5 JT"
,,Kab. Seram Bagian Barat,"4 - 4,5 JT"
,,Kab. Seram Bagian Timur,"4 - 4,5 JT"
,,Kota Ambon,"4 - 4,5 JT"
,,Kota Tual,"4 - 4,5 JT"
33,Papua Barat,Kab. Kaimana,"4,5 - 5 JT"
,,Kab. Manokwari,"4,5 - 5 JT"
,,Kab. Manokwari Selatan,"4,5 - 5 JT"
,,Kab. Pegunungan Arfak,"4,5 - 5 JT"
,,Kab. Teluk Bintuni,"4,5 - 5 JT"
,,Kab. Teluk Wondama,"4,5 - 5 JT"
34,Papua,Kab. Biak Numfor,"4,5 - 5 JT"
,,Kab. Jayapura,"4,5 - 5 JT"
,,Kab. Keerom,"4,5 - 5 JT"
,,Kab. Kepulauan Yapen,"4,5 - 5 JT"
,,Kab. Mamberamo Raya,"4,5 - 5 JT"
,,Kab. Nabire,"4,5 - 5 JT"
,,Kab. Sarmi,"4,5 - 5 JT"
,,Kab. Waropen,"4,5 - 5 JT"
,,Kota Jayapura,"4,5 - 5 JT"
35,Papua Tengah,Kab. Dogiyai,"4,5 - 5 JT"
,,Kab. Intan Jaya,"4,5 - 5 JT"
,,Kab. Jayawijaya,"4,5 - 5 JT"
,,Kab. Mimika,"4,5 - 5 JT"
,,Kab. Paniai,"4,5 - 5 JT"
,,Kab. Puncak,"4,5 - 5 JT"
36,Papua Pegunungan,Kab. Lanny Jaya,"4,5 - 5 JT"
,,Kab. Mamberamo Tengah,"4,5 - 5 JT"
,,Kab. Nduga,"4,5 - 5 JT"
,,Kab. Pegunungan Bintang,"4,5 - 5 JT"
,,Kab. Tolikara,"4,5 - 5 JT"
,,Kab. Yahukimo,"4,5 - 5 JT"
37,Papua Selatan,Kab. Asmat,"4,5 - 5 JT"
,,Kab. Boven Digoel,"4,5 - 5 JT"
,,Kab. Mappi,"4,5 - 5 JT"
38,Papua Barat Daya,Kab. Maybrat,"4,5 - 5 JT"
,,Kab. Raja Ampat,"4,5 - 5 JT"
,,Kab. Sorong,"4,5 - 5 JT"
,,Kab. Sorong Selatan,"4,5 - 5 JT"
,,Kab. Tambrauw,"4,5 - 5 JT"
,,Kota Sorong,"4,5 - 5 JT"